epoch,f1-score,iou_score,loss,precision,recall,val_f1-score,val_iou_score,val_loss,val_precision,val_recall
0,0.08571843802928925,0.06737978011369705,0.8797312378883362,0.6463317275047302,0.14490897953510284,0.004265152849256992,0.0021533493418246508,1.837249755859375,0.6688200831413269,0.33236268162727356
1,0.20280547440052032,0.16409079730510712,0.8096604347229004,0.769973635673523,0.24433204531669617,0.003841300727799535,0.0019374985713511705,1.9605591297149658,0.6686040759086609,0.33308976888656616
2,0.17412123084068298,0.13134635984897614,0.7930212616920471,0.7970200181007385,0.19974102079868317,0.04761907085776329,0.04761907085776329,0.8801043629646301,1.0,0.04761907085776329
3,0.17990879714488983,0.13610173761844635,0.7766525149345398,0.7701863646507263,0.20601804554462433,3.0121011462824754e-08,3.0121011462824754e-08,0.8871467113494873,0.33333396911621094,0.04761907085776329
4,0.15916116535663605,0.1059994101524353,0.7706015110015869,0.504917323589325,0.25204092264175415,0.04761907085776329,0.04761907085776329,0.8866839408874512,0.333334356546402,0.04761907085776329
5,0.18011374771595,0.12297205626964569,0.7638708353042603,0.5743429064750671,0.2740364968776703,0.00377814844250679,0.0019053947180509567,1.9830093383789062,0.33523890376091003,0.3333333432674408
6,0.1776706874370575,0.1149456724524498,0.7503687143325806,0.20293191075325012,0.26998141407966614,0.057397324591875076,0.05306760221719742,0.8960756659507751,0.6724871397018433,0.07817388325929642
7,0.2067684829235077,0.1342308670282364,0.7288973331451416,0.22593721747398376,0.30488893389701843,0.00012392931967042387,6.20573919150047e-05,0.8901314735412598,0.33359527587890625,0.047700267285108566
8,0.2200671285390854,0.15177638828754425,0.7346287369728088,0.37026289105415344,0.29414811730384827,0.04761907085776329,0.04761907085776329,0.8833380341529846,1.0,0.04761907085776329
9,0.222682923078537,0.16528703272342682,0.7630717158317566,0.5193528532981873,0.2640496790409088,0.0600430890917778,0.054366737604141235,0.8718503713607788,0.8564103245735168,0.054367754608392715
10,0.2396913319826126,0.174283966422081,0.7425304651260376,0.5523699522018433,0.26488301157951355,0.04761907085776329,0.04761907085776329,0.882394552230835,0.9523810148239136,0.04761907085776329
11,0.25591549277305603,0.18722638487815857,0.7365291118621826,0.5594765543937683,0.28437110781669617,0.07356323301792145,0.06197718158364296,0.8848093152046204,0.6519735455513,0.0640728697180748
12,0.2399848848581314,0.17464576661586761,0.7430098652839661,0.5761713981628418,0.274247407913208,0.18867811560630798,0.1335603892803192,0.7646728754043579,0.6867215037345886,0.16375289857387543
13,0.27841314673423767,0.21082016825675964,0.7284373641014099,0.5710107088088989,0.3068222105503082,0.15941393375396729,0.11587459594011307,0.788597047328949,0.7422310709953308,0.13061487674713135
14,0.2650710940361023,0.19423271715641022,0.7294475436210632,0.40798670053482056,0.32095566391944885,0.14812110364437103,0.11004398763179779,0.797854483127594,0.5213944315910339,0.12849228084087372
15,0.23930740356445312,0.16684551537036896,0.7242206931114197,0.3791331350803375,0.2767927348613739,0.14332523941993713,0.08665371686220169,0.7652783393859863,0.24611829221248627,0.17410610616207123
16,0.245088130235672,0.16161778569221497,0.7043161988258362,0.28440508246421814,0.3324887752532959,0.21655897796154022,0.14971056580543518,0.7505674958229065,0.24290134012699127,0.2649472653865814
17,0.2649765610694885,0.17330503463745117,0.6892870664596558,0.33054831624031067,0.3249533176422119,0.1483968049287796,0.0870918408036232,0.779432475566864,0.1749410629272461,0.29716500639915466
18,0.2750326097011566,0.18101634085178375,0.6802528500556946,0.3105560839176178,0.3832768499851227,0.12184075266122818,0.0900617390871048,0.821847677230835,0.7469154000282288,0.09882502257823944
19,0.283939927816391,0.18906764686107635,0.6735998392105103,0.335185706615448,0.3862326741218567,0.2224748581647873,0.15323325991630554,0.7752159237861633,0.29818350076675415,0.34566980600357056
20,0.27673789858818054,0.1819128841161728,0.6796740293502808,0.31982025504112244,0.36277246475219727,0.16667786240577698,0.11777368932962418,0.7883778214454651,0.40834933519363403,0.18819387257099152
21,0.2825872004032135,0.18468551337718964,0.6730356812477112,0.3409425616264343,0.358356773853302,0.09518697112798691,0.05408775806427002,0.8378942608833313,0.31960973143577576,0.35590603947639465
22,0.315152108669281,0.2107262760400772,0.6510528922080994,0.3580450713634491,0.3683186173439026,0.17670989036560059,0.10685443133115768,0.7562217116355896,0.33826327323913574,0.246136873960495
23,0.3105252683162689,0.20818544924259186,0.6577418446540833,0.3529386520385742,0.37629446387290955,0.08223533630371094,0.045014481991529465,0.8327075839042664,0.2479371875524521,0.29017606377601624
24,0.3179165720939636,0.2139810174703598,0.6578854918479919,0.38734927773475647,0.4005248546600342,0.11026511341333389,0.06618329137563705,0.8381820917129517,0.3836798369884491,0.2991989552974701
25,0.31887027621269226,0.2148049771785736,0.6536474823951721,0.3867358863353729,0.4159660041332245,0.11495697498321533,0.06837869435548782,0.7954294085502625,0.08588089048862457,0.28425782918930054
26,0.356004923582077,0.24373063445091248,0.6238808631896973,0.41493648290634155,0.4110407531261444,0.2037583738565445,0.139790341258049,0.7686468362808228,0.4421447217464447,0.26367536187171936
27,0.36057013273239136,0.24864785373210907,0.6232699155807495,0.43322691321372986,0.4154578149318695,0.19536985456943512,0.13565179705619812,0.7580188512802124,0.6406744718551636,0.16134856641292572
28,0.34773680567741394,0.23701520264148712,0.6246548295021057,0.42380422353744507,0.42498013377189636,0.27224647998809814,0.18609271943569183,0.721448540687561,0.30415961146354675,0.3233405649662018
29,0.3615650534629822,0.25146374106407166,0.6202359795570374,0.44152456521987915,0.4296676218509674,0.2115594893693924,0.14850375056266785,0.7502310872077942,0.5466293096542358,0.1850493997335434
30,0.36836522817611694,0.25499027967453003,0.6135386824607849,0.44205984473228455,0.4315640926361084,0.15380223095417023,0.09633581340312958,0.7549335956573486,0.5152139663696289,0.21058662235736847
31,0.3319074809551239,0.22622443735599518,0.6336473822593689,0.4015772342681885,0.42310795187950134,0.17398472130298615,0.12202473729848862,0.7893148064613342,0.442498117685318,0.191942498087883
32,0.3485744893550873,0.23786863684654236,0.6306234002113342,0.42545825242996216,0.41740748286247253,0.1866297870874405,0.11643780022859573,0.7304180264472961,0.43793919682502747,0.26521036028862
33,0.3851441740989685,0.26884955167770386,0.5996870398521423,0.45364275574684143,0.44960522651672363,0.15368488430976868,0.09600559622049332,0.7538613080978394,0.7165364027023315,0.2007589042186737
34,0.3977997601032257,0.2835712730884552,0.6042118072509766,0.4716479778289795,0.4417521357536316,0.21408045291900635,0.13371334969997406,0.720211386680603,0.24123729765415192,0.283438116312027
35,0.3759126663208008,0.262830525636673,0.6093321442604065,0.4891658127307892,0.4573271572589874,0.26160234212875366,0.17913448810577393,0.717245876789093,0.32897046208381653,0.2757631242275238
36,0.37494614720344543,0.25926682353019714,0.6013794541358948,0.4537278711795807,0.4509555399417877,0.17442455887794495,0.12841126322746277,0.7761214971542358,0.5843420624732971,0.16799888014793396
37,0.39269110560417175,0.2761487662792206,0.5981370806694031,0.46974965929985046,0.4566892087459564,0.19877445697784424,0.14099515974521637,0.7603723406791687,0.40819910168647766,0.23516274988651276
38,0.3897741734981537,0.27211835980415344,0.5936230421066284,0.45154330134391785,0.4474530816078186,0.2461831122636795,0.1705421656370163,0.7251178026199341,0.29167836904525757,0.2363891452550888
39,0.38849377632141113,0.27205750346183777,0.5972549319267273,0.4748672842979431,0.44525963068008423,0.20707252621650696,0.12659482657909393,0.724784255027771,0.31710729002952576,0.3671457767486572
40,0.4195291996002197,0.2973599135875702,0.5745517015457153,0.49315375089645386,0.462781697511673,0.2221365123987198,0.15748140215873718,0.7371474504470825,0.726899266242981,0.18413233757019043
41,0.39699748158454895,0.27915218472480774,0.5879335999488831,0.47067204117774963,0.4403223395347595,0.2384515255689621,0.16625916957855225,0.7379287481307983,0.43970561027526855,0.23183955252170563
42,0.3950822651386261,0.27636831998825073,0.5970004796981812,0.47093769907951355,0.4658246636390686,0.22446618974208832,0.1687975972890854,0.7574474811553955,0.6727216839790344,0.2359512895345688
43,0.4263342320919037,0.3061163127422333,0.574756920337677,0.5079513192176819,0.4850812554359436,0.24381884932518005,0.1696915328502655,0.7292633652687073,0.4296415448188782,0.2804561257362366
44,0.4270402789115906,0.30614590644836426,0.5650661587715149,0.5202962160110474,0.4881998598575592,0.1927308291196823,0.12319197505712509,0.7220282554626465,0.5268827080726624,0.2278863489627838
45,0.41592901945114136,0.2968041002750397,0.5801940560340881,0.49768805503845215,0.4683728814125061,0.23697850108146667,0.1642030030488968,0.7303569912910461,0.3575133979320526,0.2473510354757309
46,0.4156438708305359,0.2978231906890869,0.5797189474105835,0.5279121994972229,0.47210147976875305,0.23904156684875488,0.16681836545467377,0.7220618724822998,0.6121349334716797,0.23769031465053558
47,0.453584760427475,0.3285260498523712,0.559834361076355,0.5441260933876038,0.5036110281944275,0.2625764012336731,0.1810871809720993,0.7198333740234375,0.29109644889831543,0.3041355311870575
48,0.4366740584373474,0.31126904487609863,0.5646790862083435,0.5292178988456726,0.4894041121006012,0.17903175950050354,0.12694959342479706,0.7807661294937134,0.7685240507125854,0.13150574266910553
49,0.40244051814079285,0.28151562809944153,0.5801011323928833,0.488510400056839,0.48982974886894226,0.26082831621170044,0.17695380747318268,0.7145597338676453,0.29912522435188293,0.3342907726764679
50,0.42246344685554504,0.2976429760456085,0.5715096592903137,0.5152139663696289,0.4765109121799469,0.2722766101360321,0.18755340576171875,0.7122659087181091,0.3284018635749817,0.27117106318473816
51,0.43372875452041626,0.30991512537002563,0.5650586485862732,0.5329310297966003,0.48447418212890625,0.23377227783203125,0.16367079317569733,0.7276709079742432,0.48587626218795776,0.24981197714805603
52,0.41449636220932007,0.29138368368148804,0.5763244032859802,0.4956772029399872,0.46239379048347473,0.2510681748390198,0.17456330358982086,0.7165818810462952,0.4495863914489746,0.2621220350265503
53,0.43714192509651184,0.3161894679069519,0.5636354088783264,0.5329592823982239,0.4894249439239502,0.15723678469657898,0.09481772035360336,0.75316321849823,0.6091676950454712,0.23826609551906586
54,0.46010398864746094,0.3333163559436798,0.5470345616340637,0.5445781350135803,0.5071579217910767,0.19857601821422577,0.13923479616641998,0.7553662061691284,0.8054872751235962,0.14938762784004211
55,0.4208414554595947,0.29612722992897034,0.5718253254890442,0.4962339401245117,0.4698960483074188,0.17661218345165253,0.10802102833986282,0.7451614141464233,0.37886810302734375,0.2811427414417267
56,0.4496154487133026,0.32301902770996094,0.547104001045227,0.5434248447418213,0.48804593086242676,0.25717800855636597,0.1811370849609375,0.7077780365943909,0.4715655446052551,0.22425711154937744
57,0.45498108863830566,0.3285868465900421,0.5409749150276184,0.5404306054115295,0.5062441229820251,0.21675069630146027,0.1540883630514145,0.7403237223625183,0.5691688656806946,0.18415816128253937
58,0.4431319236755371,0.3198254406452179,0.5576680302619934,0.5278075337409973,0.4951048791408539,0.2459253966808319,0.17337046563625336,0.7276843786239624,0.5000513195991516,0.22292007505893707
59,0.48550304770469666,0.3584177792072296,0.5304260849952698,0.6041057705879211,0.4955112338066101,0.21139858663082123,0.15066514909267426,0.7459973096847534,0.7655192017555237,0.17109429836273193
60,0.45617178082466125,0.32706618309020996,0.5486721992492676,0.5337938666343689,0.5128776431083679,0.219343900680542,0.15378935635089874,0.757099449634552,0.4097268283367157,0.2023659646511078
61,0.40066906809806824,0.27832886576652527,0.5864217281341553,0.5063692331314087,0.4799574315547943,0.1773257702589035,0.1268058568239212,0.7740393877029419,0.7541033029556274,0.13299627602100372
62,0.4588448107242584,0.3295653462409973,0.5427613854408264,0.5641685724258423,0.4885388910770416,0.2291259765625,0.14200986921787262,0.7030092477798462,0.34668785333633423,0.30806413292884827
63,0.44092026352882385,0.3140316307544708,0.5496460199356079,0.5376223921775818,0.48790961503982544,0.16870014369487762,0.10119052976369858,0.7492974996566772,0.24144276976585388,0.30581095814704895
64,0.48118385672569275,0.3538936674594879,0.5307486057281494,0.5829148888587952,0.5067477226257324,0.1957027167081833,0.12104368954896927,0.7271219491958618,0.3724982738494873,0.25936776399612427
65,0.4836396872997284,0.35490724444389343,0.5234273076057434,0.6156396269798279,0.5035343766212463,0.19458985328674316,0.12005317956209183,0.7214064598083496,0.3834289014339447,0.27139168977737427
66,0.49728626012802124,0.37268826365470886,0.5303084254264832,0.6415673494338989,0.5221186876296997,0.2697422504425049,0.18689416348934174,0.7104126811027527,0.42538031935691833,0.32773977518081665
67,0.5084565281867981,0.38073429465293884,0.5164762139320374,0.6119610667228699,0.5449355244636536,0.28197965025901794,0.20042012631893158,0.7002573609352112,0.6007832288742065,0.2431076616048813
68,0.4718071520328522,0.34953102469444275,0.5420446991920471,0.6021838784217834,0.5104044079780579,0.22988374531269073,0.16525661945343018,0.7300873398780823,0.6374265551567078,0.21085013449192047
69,0.4763665795326233,0.35144540667533875,0.5260912775993347,0.584950864315033,0.5301734209060669,0.14773593842983246,0.09435401111841202,0.7596204876899719,0.7187353372573853,0.21365952491760254
70,0.4632716178894043,0.3386573791503906,0.5428013801574707,0.5633480548858643,0.5268810987472534,0.2175280749797821,0.1543424427509308,0.7406601905822754,0.7462155222892761,0.1894392967224121
71,0.4872112274169922,0.3604690730571747,0.5291262865066528,0.605141282081604,0.5095750093460083,0.22371827065944672,0.14485372602939606,0.7080426812171936,0.38907575607299805,0.2525406777858734
72,0.45400211215019226,0.3287483751773834,0.5479182600975037,0.5834577679634094,0.4884316325187683,0.25619715452194214,0.1835264414548874,0.7084614038467407,0.6914148926734924,0.2551603615283966
73,0.4768657386302948,0.34751012921333313,0.5209876298904419,0.5897496938705444,0.518157958984375,0.22180350124835968,0.14169256389141083,0.7131094336509705,0.4313167929649353,0.25233879685401917
74,0.5231402516365051,0.3892945945262909,0.49951958656311035,0.6554542183876038,0.5172115564346313,0.24467161297798157,0.1755419671535492,0.7172688841819763,0.63600093126297,0.2134641408920288
75,0.48900672793388367,0.36095181107521057,0.5247176885604858,0.5977243185043335,0.518070638179779,0.15980693697929382,0.09840025752782822,0.7499861121177673,0.6705985069274902,0.23125912249088287
76,0.49987930059432983,0.3700435757637024,0.5148797631263733,0.6263753771781921,0.5199800133705139,0.2425595223903656,0.17122268676757812,0.7242334485054016,0.4754486680030823,0.2167115956544876
77,0.4880179464817047,0.35950422286987305,0.5122328400611877,0.5872907638549805,0.5346511602401733,0.2782345116138458,0.1975688487291336,0.7021685242652893,0.5502150654792786,0.25028154253959656
78,0.4722147583961487,0.3471222221851349,0.5328514575958252,0.58112633228302,0.5277290940284729,0.1798713356256485,0.1121307834982872,0.7326250672340393,0.4596157670021057,0.22185097634792328
79,0.4763732850551605,0.35076430439949036,0.532407820224762,0.5828043222427368,0.5128466486930847,0.22443787753582,0.15812908113002777,0.7345428466796875,0.7154121398925781,0.18306776881217957
80,0.484332412481308,0.3566579818725586,0.5310519337654114,0.5896285772323608,0.525688111782074,0.23624591529369354,0.16692975163459778,0.7248706221580505,0.6031640768051147,0.22940073907375336
81,0.4868808388710022,0.3607584536075592,0.5206819176673889,0.5789620280265808,0.5324334502220154,0.15965057909488678,0.11718612909317017,0.7893211841583252,0.80042964220047,0.12836888432502747
82,0.47884032130241394,0.35473236441612244,0.5285078883171082,0.6243807673454285,0.4974363148212433,0.22470416128635406,0.15744641423225403,0.7363637685775757,0.5596018433570862,0.21054740250110626
83,0.4971282184123993,0.3690513074398041,0.5147720575332642,0.6071853637695312,0.5241017937660217,0.234303817152977,0.16031822562217712,0.7462112903594971,0.4120364487171173,0.28883662819862366
84,0.47754374146461487,0.35224637389183044,0.5268183350563049,0.5903307199478149,0.5246708989143372,0.2592625319957733,0.17961834371089935,0.714707612991333,0.4021432101726532,0.3211776316165924
85,0.5159619450569153,0.3872823715209961,0.5080082416534424,0.6346937417984009,0.5194481015205383,0.23466965556144714,0.163323774933815,0.7270790338516235,0.46067872643470764,0.2184915989637375
86,0.5011395812034607,0.37214598059654236,0.5129126310348511,0.6083261370658875,0.5204822421073914,0.25075575709342957,0.17236976325511932,0.7123203277587891,0.47470664978027344,0.2481725662946701
87,0.5084766745567322,0.3802279531955719,0.5206575989723206,0.6650999784469604,0.5411972999572754,0.2553592026233673,0.1798139065504074,0.7086931467056274,0.7204465866088867,0.21311809122562408
88,0.5501829981803894,0.4217855930328369,0.4859676957130432,0.7137690186500549,0.5300252437591553,0.26661449670791626,0.18635043501853943,0.702857255935669,0.6154311299324036,0.24098069965839386
89,0.4897875487804413,0.3666296899318695,0.5228859186172485,0.6267545819282532,0.5166832804679871,0.22272492945194244,0.15385477244853973,0.7394952178001404,0.5639998316764832,0.27876004576683044
90,0.5326486229896545,0.399140328168869,0.492809921503067,0.6550927758216858,0.5460612177848816,0.26523542404174805,0.18786969780921936,0.7161039710044861,0.659070611000061,0.2581084370613098
91,0.5729578733444214,0.44337305426597595,0.47006723284721375,0.719996452331543,0.5595588684082031,0.2522277534008026,0.17743723094463348,0.718750536441803,0.6966376304626465,0.23542670905590057
92,0.5220404863357544,0.39315301179885864,0.5092878341674805,0.6455963850021362,0.5304704308509827,0.27345946431159973,0.19166997075080872,0.7095800638198853,0.5327548980712891,0.2453921139240265
93,0.5471745729446411,0.41573280096054077,0.48356249928474426,0.6678966879844666,0.5427302122116089,0.2610943913459778,0.18206886947155,0.7138131856918335,0.629516065120697,0.26386356353759766
94,0.5499301552772522,0.4186984896659851,0.48539257049560547,0.6791114211082458,0.5497836470603943,0.24065051972866058,0.16969916224479675,0.7213290929794312,0.7175778150558472,0.20409810543060303
95,0.5495389699935913,0.42410391569137573,0.4859178960323334,0.6588497757911682,0.56965571641922,0.30035850405693054,0.2178572118282318,0.6944538354873657,0.5353710055351257,0.29116398096084595
96,0.5902904868125916,0.45849987864494324,0.46350058913230896,0.7399225234985352,0.5717406272888184,0.26881110668182373,0.19232094287872314,0.6991419792175293,0.577769935131073,0.25083550810813904
97,0.5576884150505066,0.4271286427974701,0.47416025400161743,0.7225562334060669,0.5326722264289856,0.28861573338508606,0.20935358107089996,0.7033863663673401,0.5562222003936768,0.2526763379573822
98,0.543387234210968,0.4154996871948242,0.48928648233413696,0.6704922318458557,0.560616672039032,0.24709899723529816,0.1752864271402359,0.7156364321708679,0.7083117365837097,0.20296774804592133
99,0.5554285645484924,0.42866259813308716,0.48466756939888,0.6778647303581238,0.5606511831283569,0.2764301002025604,0.1964239925146103,0.6990942358970642,0.6855775713920593,0.2414209544658661
100,0.5672736763954163,0.4432932734489441,0.49350839853286743,0.7134122848510742,0.5567850470542908,0.25971731543540955,0.18680772185325623,0.7046549320220947,0.7526482343673706,0.23748540878295898
101,0.5574894547462463,0.429741770029068,0.4836976230144501,0.69851154088974,0.5517391562461853,0.2537829279899597,0.17742225527763367,0.7229783535003662,0.496433824300766,0.23656289279460907
102,0.5153105854988098,0.38607606291770935,0.5002132654190063,0.6594462394714355,0.5508450865745544,0.2454790323972702,0.1745901256799698,0.7169111371040344,0.7904214262962341,0.24180185794830322
103,0.5731492638587952,0.4440454840660095,0.4694332182407379,0.7020639181137085,0.5583527684211731,0.2528848648071289,0.17959599196910858,0.7101731896400452,0.4832138121128082,0.24184657633304596
104,0.554080605506897,0.4260416328907013,0.46997612714767456,0.6657893061637878,0.5566115975379944,0.2452443689107895,0.1761084944009781,0.7171800136566162,0.7108275294303894,0.2371588498353958
105,0.5690776109695435,0.4407430589199066,0.46297675371170044,0.7065176963806152,0.5597459077835083,0.2487659752368927,0.17863427102565765,0.7138702869415283,0.7061754465103149,0.22701333463191986
106,0.5608211159706116,0.4372519552707672,0.48194801807403564,0.6849814057350159,0.5558726191520691,0.2739986479282379,0.19692590832710266,0.6961767673492432,0.543200671672821,0.25700101256370544
107,0.5352155566215515,0.4109918177127838,0.4844280183315277,0.6608231663703918,0.5713635087013245,0.2859589457511902,0.20418472588062286,0.6981416940689087,0.483503520488739,0.26850956678390503
108,0.5699283480644226,0.4385499656200409,0.4688146114349365,0.6727498173713684,0.5738155245780945,0.26938992738723755,0.19367380440235138,0.6975776553153992,0.7147616744041443,0.2525239586830139
109,0.5889022946357727,0.45896056294441223,0.4738152325153351,0.7342346906661987,0.575164794921875,0.25304391980171204,0.18158678710460663,0.7105004787445068,0.7384942173957825,0.2546320855617523
110,0.5606256127357483,0.4336519241333008,0.4649779200553894,0.6805551648139954,0.5628384947776794,0.24616923928260803,0.1743416041135788,0.7173221111297607,0.7083797454833984,0.2666088044643402
111,0.5471569299697876,0.4214085638523102,0.4843094050884247,0.6812732815742493,0.5471367835998535,0.28538379073143005,0.201394185423851,0.7012811303138733,0.4086596965789795,0.27068251371383667
112,0.5292993783950806,0.40416496992111206,0.495868444442749,0.6662251353263855,0.5308023691177368,0.2221311330795288,0.14219124615192413,0.716162919998169,0.5388039350509644,0.25657883286476135
113,0.5386089086532593,0.407437264919281,0.4865705966949463,0.6765084862709045,0.5396031737327576,0.25184667110443115,0.17993494868278503,0.7114755511283875,0.6239885687828064,0.22102415561676025
114,0.532870888710022,0.40519434213638306,0.4880306124687195,0.6456205248832703,0.5581213235855103,0.2482924610376358,0.1772458851337433,0.7145427465438843,0.47507214546203613,0.22569535672664642
115,0.5527724027633667,0.4181903004646301,0.47464433312416077,0.6794645190238953,0.5448935627937317,0.23799502849578857,0.16523124277591705,0.7233033776283264,0.6296817064285278,0.19424501061439514
116,0.5453161001205444,0.41494208574295044,0.4679674804210663,0.6768774390220642,0.5547633767127991,0.24795164167881012,0.17715446650981903,0.7146896123886108,0.7048506140708923,0.20935580134391785
117,0.543788731098175,0.4171249568462372,0.48000526428222656,0.6750936508178711,0.5439447164535522,0.25949522852897644,0.18594200909137726,0.7053355574607849,0.6221594214439392,0.2381884753704071
118,0.5713793635368347,0.4426864683628082,0.45535874366760254,0.6805487871170044,0.596439778804779,0.2657851278781891,0.18814805150032043,0.7001798748970032,0.4890914857387543,0.2410726398229599
119,0.5619671940803528,0.4367688298225403,0.46597105264663696,0.6844331622123718,0.5726637840270996,0.2610780596733093,0.18546533584594727,0.7039274573326111,0.5835170149803162,0.23581910133361816
120,0.5769760012626648,0.452897310256958,0.46886178851127625,0.7001683115959167,0.5780345797538757,0.2631799876689911,0.1857673078775406,0.7026086449623108,0.5992728471755981,0.2328387200832367
121,0.5611733198165894,0.4326796531677246,0.47556784749031067,0.7126361131668091,0.5691519379615784,0.26271939277648926,0.18918609619140625,0.7022415995597839,0.5767604112625122,0.24299536645412445
122,0.5903172492980957,0.46091458201408386,0.4667816460132599,0.7276735305786133,0.5610721111297607,0.2841879427433014,0.20128905773162842,0.6888517737388611,0.4533156752586365,0.2564978003501892
123,0.5843510031700134,0.4598684012889862,0.48071619868278503,0.7355877161026001,0.561292290687561,0.2785598039627075,0.197520449757576,0.6952584981918335,0.6730223894119263,0.26323041319847107
124,0.6077694892883301,0.47522205114364624,0.4439160227775574,0.7185943722724915,0.6013479232788086,0.26782888174057007,0.1915334016084671,0.7053712606430054,0.6376925706863403,0.2317243367433548
125,0.5824853181838989,0.4545733332633972,0.4523662328720093,0.7498799562454224,0.5698751211166382,0.26019278168678284,0.1840704381465912,0.7100088000297546,0.5878557562828064,0.2603326439857483
126,0.5995050668716431,0.469217985868454,0.4506318271160126,0.7233337163925171,0.5901927947998047,0.2678568959236145,0.19020654261112213,0.6979253888130188,0.6053639054298401,0.231498584151268
127,0.5969662070274353,0.46942099928855896,0.4531792104244232,0.7541961669921875,0.5741785168647766,0.27125170826911926,0.19237302243709564,0.6950833201408386,0.5095232129096985,0.24388790130615234
128,0.5580809712409973,0.43493014574050903,0.4834953248500824,0.6683079600334167,0.5890928506851196,0.3094936013221741,0.22064408659934998,0.6831311583518982,0.4437791407108307,0.2844787538051605
129,0.6026511192321777,0.47574543952941895,0.45075133442878723,0.738571047782898,0.5868646502494812,0.27101534605026245,0.19088183343410492,0.7030614614486694,0.5502254962921143,0.23522959649562836
130,0.5736486315727234,0.45193296670913696,0.4734322428703308,0.6821566224098206,0.5967873334884644,0.2957933843135834,0.21036316454410553,0.6898294687271118,0.539738655090332,0.2728257477283478
131,0.584219753742218,0.45781391859054565,0.4585244655609131,0.7207240462303162,0.5903226137161255,0.27739399671554565,0.19783474504947662,0.7035362124443054,0.6900028586387634,0.2510741055011749
132,0.5887125730514526,0.4581330418586731,0.4543111026287079,0.7176856398582458,0.5890131592750549,0.27762797474861145,0.19766148924827576,0.6996045112609863,0.7316747903823853,0.2609468996524811
133,0.6058422923088074,0.4791886508464813,0.43747687339782715,0.7541016340255737,0.5763610005378723,0.25660377740859985,0.1837289035320282,0.7100901007652283,0.6347488760948181,0.23362787067890167
134,0.5973530411720276,0.4690690338611603,0.4530380368232727,0.755273163318634,0.5726193189620972,0.26995256543159485,0.19000065326690674,0.7049278020858765,0.6327688097953796,0.23916654288768768
135,0.5989883542060852,0.47484323382377625,0.457349956035614,0.730040967464447,0.5794628858566284,0.2765139639377594,0.19669993221759796,0.6997098326683044,0.6635047197341919,0.24391739070415497
136,0.5841708779335022,0.45980605483055115,0.46317625045776367,0.7125978469848633,0.5979223847389221,0.2556668221950531,0.18330565094947815,0.708300769329071,0.6828869581222534,0.22578835487365723
137,0.5941482782363892,0.46850380301475525,0.44704508781433105,0.7281718254089355,0.5750827193260193,0.275902658700943,0.19692181050777435,0.6979192495346069,0.7327024340629578,0.23639395833015442
138,0.5754804015159607,0.45265913009643555,0.4657030403614044,0.7362802624702454,0.5652075409889221,0.2876729965209961,0.2051910012960434,0.6960586309432983,0.4519340693950653,0.2658073604106903
139,0.5979021191596985,0.4765409827232361,0.466389536857605,0.7227568626403809,0.6000906825065613,0.3090875446796417,0.22406455874443054,0.6857540011405945,0.5013158917427063,0.27465730905532837
140,0.6058679223060608,0.4813046157360077,0.4481220543384552,0.7517855763435364,0.5762148499488831,0.28320544958114624,0.20122703909873962,0.6966503262519836,0.5557719469070435,0.2707671821117401
141,0.6090064644813538,0.4874334931373596,0.4620627760887146,0.7411414980888367,0.5922361612319946,0.2951417863368988,0.2118203490972519,0.6908853054046631,0.4899415969848633,0.27673014998435974
142,0.6043069958686829,0.4774852395057678,0.456252783536911,0.7619131207466125,0.5779691934585571,0.29365065693855286,0.2138584703207016,0.6986312866210938,0.4894881248474121,0.27700933814048767
143,0.6200202703475952,0.49325820803642273,0.44391465187072754,0.7698439359664917,0.5873470902442932,0.2721218168735504,0.1937692016363144,0.7021731734275818,0.6091852784156799,0.26872092485427856
144,0.6391315460205078,0.5155009627342224,0.4450761675834656,0.7849642038345337,0.6046962141990662,0.274400919675827,0.19479772448539734,0.6998350024223328,0.6007847189903259,0.2519121468067169
145,0.6121035814285278,0.4858887791633606,0.4323086440563202,0.7476895451545715,0.6018415093421936,0.27297428250312805,0.1936897188425064,0.6984503269195557,0.5826956033706665,0.2587646543979645
146,0.6162018775939941,0.4897729754447937,0.44282594323158264,0.749933660030365,0.5947707295417786,0.2771870493888855,0.1977427452802658,0.6963324546813965,0.5903488993644714,0.25393611192703247
147,0.616851806640625,0.48763561248779297,0.4351678192615509,0.7460743188858032,0.5969012379646301,0.27063003182411194,0.19331799447536469,0.7006247639656067,0.6013849377632141,0.25082656741142273
148,0.6130189895629883,0.49123233556747437,0.4503861963748932,0.7626886963844299,0.5906011462211609,0.29888248443603516,0.215611532330513,0.6920999884605408,0.5905698537826538,0.27388235926628113
149,0.6018930673599243,0.47624966502189636,0.44350364804267883,0.7353573441505432,0.5973808169364929,0.27249494194984436,0.19411394000053406,0.6979873180389404,0.5771005749702454,0.24771590530872345
150,0.5878386497497559,0.4646979868412018,0.46693506836891174,0.7173218131065369,0.5928325057029724,0.2976333200931549,0.21392515301704407,0.6916506290435791,0.5751237869262695,0.26290300488471985
151,0.6104437112808228,0.48593345284461975,0.4386307895183563,0.7549259066581726,0.5863637328147888,0.26560190320014954,0.189673513174057,0.7041151523590088,0.5895042419433594,0.24680466949939728
152,0.6211814880371094,0.49579349160194397,0.4388424754142761,0.7622559666633606,0.6095957159996033,0.27479785680770874,0.1962546408176422,0.6971444487571716,0.5154559016227722,0.2465747594833374
153,0.608310341835022,0.49036771059036255,0.4504459500312805,0.7507209777832031,0.5904137492179871,0.29791513085365295,0.21248944103717804,0.6900962591171265,0.5621098279953003,0.2746126055717468
154,0.5962271094322205,0.4666275382041931,0.43735840916633606,0.7474685311317444,0.5770506858825684,0.30296579003334045,0.21960818767547607,0.6903430819511414,0.5779849886894226,0.2797447443008423
155,0.6256383061408997,0.4986934959888458,0.43172693252563477,0.7663175463676453,0.6056709289550781,0.2921808063983917,0.21031999588012695,0.6973974108695984,0.5798632502555847,0.271013081073761
156,0.6414909362792969,0.5199241638183594,0.4375506341457367,0.7695674896240234,0.6093607544898987,0.27346426248550415,0.19526366889476776,0.7002542018890381,0.595183789730072,0.2508980929851532
157,0.6231573820114136,0.5008618235588074,0.4426426887512207,0.7711929082870483,0.5849494338035583,0.2669921815395355,0.1896996796131134,0.704516589641571,0.6419642567634583,0.24462488293647766
158,0.5839337110519409,0.4574294090270996,0.4555221498012543,0.7185911536216736,0.5903748273849487,0.2694567143917084,0.18813784420490265,0.7043293714523315,0.6042081117630005,0.23148585855960846
159,0.6004975438117981,0.47955939173698425,0.4539529085159302,0.7267480492591858,0.6119557619094849,0.2808620035648346,0.19878815114498138,0.698689341545105,0.5907171964645386,0.25354835391044617
160,0.6325206160545349,0.5077969431877136,0.4246941804885864,0.7644181847572327,0.603681743144989,0.2970011830329895,0.21432287991046906,0.6936082243919373,0.5473574995994568,0.27405959367752075
161,0.601921021938324,0.4787016808986664,0.44460198283195496,0.7507328391075134,0.5811675190925598,0.28992992639541626,0.20640072226524353,0.6931771636009216,0.591129720211029,0.2612088620662689
162,0.6017640233039856,0.4796563982963562,0.45829764008522034,0.7506054639816284,0.5854590535163879,0.2971692681312561,0.21239802241325378,0.692473828792572,0.5765021443367004,0.2763088047504425
163,0.6232165694236755,0.5003700852394104,0.44022125005722046,0.7527119517326355,0.6085978150367737,0.2836810052394867,0.20269574224948883,0.6923243999481201,0.5694586634635925,0.25620824098587036
164,0.6105255484580994,0.4809354245662689,0.433515727519989,0.735747754573822,0.6047723889350891,0.2807786166667938,0.20071721076965332,0.6942591667175293,0.5348028540611267,0.2580089271068573
165,0.5898867249488831,0.4687618911266327,0.44410938024520874,0.7344799041748047,0.5962907671928406,0.274057537317276,0.1961887776851654,0.6971727013587952,0.5480402112007141,0.25624504685401917
166,0.6340689659118652,0.5108032822608948,0.4271909296512604,0.773144543170929,0.6099541783332825,0.2720535695552826,0.19588994979858398,0.6985962390899658,0.5963154435157776,0.2512419819831848
167,0.6395307779312134,0.5137537717819214,0.42481377720832825,0.7858422994613647,0.6081964373588562,0.27345168590545654,0.19652560353279114,0.6985015869140625,0.5825257897377014,0.2531895637512207
168,0.6192150712013245,0.49532660841941833,0.43513575196266174,0.7739338874816895,0.6052613258361816,0.268110454082489,0.19317780435085297,0.7019951343536377,0.6333127021789551,0.24868829548358917
169,0.5985544919967651,0.4767480492591858,0.4397200047969818,0.7334107160568237,0.6196015477180481,0.2623533308506012,0.1887984275817871,0.7048918008804321,0.508453905582428,0.2528645694255829
170,0.6198915839195251,0.49644893407821655,0.43628114461898804,0.7699013352394104,0.605189323425293,0.25793418288230896,0.1833166629076004,0.7090568542480469,0.6244546175003052,0.2668575048446655
171,0.6095209717750549,0.4830707609653473,0.43726035952568054,0.7461102604866028,0.6106495261192322,0.26233717799186707,0.18710482120513916,0.7071386575698853,0.650226891040802,0.2630765438079834
172,0.6083634495735168,0.48721566796302795,0.44339266419410706,0.7491752505302429,0.601643443107605,0.26852068305015564,0.192098006606102,0.7024083137512207,0.5642513632774353,0.25894829630851746
173,0.6164444088935852,0.49228885769844055,0.44380372762680054,0.7583497166633606,0.5839909315109253,0.2739458978176117,0.19554294645786285,0.6990329623222351,0.5760990977287292,0.2597448229789734
174,0.6250295639038086,0.5041710734367371,0.42458054423332214,0.7731370329856873,0.6080079674720764,0.2740464210510254,0.1962568461894989,0.6981155872344971,0.5864725708961487,0.25533026456832886
175,0.6514248847961426,0.5247651934623718,0.42505505681037903,0.7864944338798523,0.624796450138092,0.27569878101348877,0.19778276979923248,0.6975719332695007,0.5473100543022156,0.25226345658302307
176,0.6331654191017151,0.5068933367729187,0.4309941530227661,0.7644950151443481,0.6190155148506165,0.2763383388519287,0.19830170273780823,0.6972091197967529,0.5510821342468262,0.2545667290687561
177,0.6166253685951233,0.4935520589351654,0.43956881761550903,0.7651415467262268,0.5686253905296326,0.2767806649208069,0.19847576320171356,0.697836697101593,0.5475761890411377,0.25429391860961914
178,0.6470914483070374,0.5229917764663696,0.43484410643577576,0.799078106880188,0.6102213263511658,0.27035167813301086,0.19318382441997528,0.702720046043396,0.5763399004936218,0.2551625669002533
179,0.607168972492218,0.4842783510684967,0.44166749715805054,0.7606728672981262,0.6043831706047058,0.2736363708972931,0.19643695652484894,0.7009304761886597,0.5975813269615173,0.2468404620885849
180,0.6000469326972961,0.4822353422641754,0.43946436047554016,0.7609277963638306,0.5916656851768494,0.27132758498191833,0.19444754719734192,0.7017166614532471,0.5366519093513489,0.2517410218715668
181,0.6397989988327026,0.518964409828186,0.42648959159851074,0.7759871482849121,0.6044606566429138,0.2692379951477051,0.19292722642421722,0.7036064863204956,0.5865381360054016,0.2519560754299164
182,0.6271252036094666,0.5078142881393433,0.4390665590763092,0.7994357347488403,0.5854460000991821,0.27000781893730164,0.1936941146850586,0.7031798362731934,0.5450504422187805,0.24815459549427032
183,0.6222882866859436,0.49829167127609253,0.43795353174209595,0.7697381973266602,0.6033619046211243,0.2717614471912384,0.1949600875377655,0.701430082321167,0.5931683778762817,0.24867212772369385
184,0.641149640083313,0.5174137949943542,0.4226670265197754,0.781420886516571,0.6140266060829163,0.2691700756549835,0.1931726634502411,0.7027438282966614,0.639039158821106,0.24935221672058105
185,0.6431470513343811,0.5224555730819702,0.44164058566093445,0.8054015040397644,0.605374276638031,0.27017104625701904,0.1937093734741211,0.7032331824302673,0.5975634455680847,0.24765154719352722
186,0.6264999508857727,0.5076214671134949,0.43997272849082947,0.7938603162765503,0.5890030264854431,0.26950475573539734,0.19324885308742523,0.7036675214767456,0.6419503092765808,0.24640297889709473
187,0.6408267021179199,0.5149985551834106,0.42826685309410095,0.7782189249992371,0.6099045872688293,0.2958983778953552,0.21280837059020996,0.6930332183837891,0.491964191198349,0.2745448052883148
188,0.6104507446289062,0.48742660880088806,0.4394400417804718,0.7355673909187317,0.6012014746665955,0.29270654916763306,0.20929452776908875,0.694079577922821,0.4876670837402344,0.27355045080184937
189,0.6102918982505798,0.49262478947639465,0.4466533660888672,0.7590651512145996,0.6110186576843262,0.286079466342926,0.20456504821777344,0.69862961769104,0.549564003944397,0.26379790902137756
190,0.6010143160820007,0.4835074543952942,0.4454419016838074,0.7477632164955139,0.6074053049087524,0.285297155380249,0.20414482057094574,0.6971808671951294,0.5585120320320129,0.26023760437965393
191,0.6065495610237122,0.4822366535663605,0.448820024728775,0.7332133650779724,0.6143468022346497,0.2764676511287689,0.197294220328331,0.6979073882102966,0.5938091278076172,0.25159505009651184
192,0.6262893676757812,0.5048491954803467,0.43945327401161194,0.7573186159133911,0.6116161942481995,0.2718445360660553,0.1944413036108017,0.7001785039901733,0.6006508469581604,0.2508559226989746
193,0.6190375089645386,0.4969729483127594,0.4526720941066742,0.7540748715400696,0.5919432044029236,0.2716876268386841,0.19461087882518768,0.7006610631942749,0.5906758904457092,0.254230797290802
194,0.6296972036361694,0.5080631971359253,0.43764978647232056,0.795275866985321,0.5947843194007874,0.27009671926498413,0.1934555619955063,0.7019999623298645,0.6436541676521301,0.25204652547836304
195,0.6033731698989868,0.4753212034702301,0.43253061175346375,0.7547295689582825,0.5900644659996033,0.27542486786842346,0.19710658490657806,0.6981830596923828,0.617155909538269,0.25239163637161255
196,0.6091825366020203,0.49146777391433716,0.44506925344467163,0.7463387250900269,0.6069067716598511,0.2737269699573517,0.19603264331817627,0.699612557888031,0.6087086796760559,0.25401028990745544
197,0.6389715075492859,0.5170578360557556,0.44048139452934265,0.7728250622749329,0.6163331270217896,0.27807530760765076,0.1987108737230301,0.6968463659286499,0.6251160502433777,0.2537771463394165
198,0.6461071968078613,0.5206760168075562,0.4246472418308258,0.8057552576065063,0.6164159774780273,0.27925318479537964,0.19951391220092773,0.6958779692649841,0.6325975060462952,0.25358548760414124
199,0.618791937828064,0.4966464042663574,0.43883806467056274,0.7534695267677307,0.6089637875556946,0.27947965264320374,0.1997554749250412,0.695293128490448,0.630376935005188,0.25480926036834717
200,0.6160579323768616,0.49455833435058594,0.4422692656517029,0.7706102132797241,0.5928760170936584,0.2782580256462097,0.19899038970470428,0.6965392827987671,0.6299092173576355,0.2533314526081085
201,0.6395288705825806,0.5164635181427002,0.4327718913555145,0.7914441823959351,0.595828115940094,0.27270129323005676,0.195363387465477,0.6999222636222839,0.6385218501091003,0.2515857517719269
202,0.6507344841957092,0.5233277678489685,0.4144379794597626,0.7931951284408569,0.6086403727531433,0.2734624445438385,0.1958058774471283,0.699551522731781,0.6173586845397949,0.25235289335250854
203,0.6439450979232788,0.5182375311851501,0.41703543066978455,0.7794469594955444,0.6315717697143555,0.2776663303375244,0.1983630508184433,0.6965591907501221,0.6214627623558044,0.25338637828826904
204,0.6511943936347961,0.5281873345375061,0.42817026376724243,0.7863045334815979,0.6237135529518127,0.2781343162059784,0.1993575394153595,0.6957118511199951,0.5743312835693359,0.2513599097728729
205,0.6505717635154724,0.5262991189956665,0.4301756024360657,0.7818328142166138,0.6209379434585571,0.27798956632614136,0.1990956813097,0.6958323121070862,0.5783147811889648,0.2531823217868805
206,0.6542289853096008,0.5288981199264526,0.4210852384567261,0.7927777171134949,0.6264023184776306,0.27346575260162354,0.19612987339496613,0.6989028453826904,0.6239280700683594,0.2504425048828125
207,0.639496922492981,0.5181806087493896,0.42491963505744934,0.7919880151748657,0.6107843518257141,0.2737440764904022,0.19595356285572052,0.6990726590156555,0.6850985884666443,0.2535211443901062
208,0.6289405226707458,0.5024064183235168,0.4187305271625519,0.7733674645423889,0.5979636907577515,0.27705681324005127,0.19829897582530975,0.6964240074157715,0.6876092553138733,0.25499457120895386
209,0.6447620391845703,0.5227291584014893,0.4236164093017578,0.7901422381401062,0.6096277236938477,0.27684804797172546,0.19856789708137512,0.695919930934906,0.5955390930175781,0.2515425980091095
210,0.6542225480079651,0.5348464846611023,0.427371084690094,0.7927552461624146,0.6439090967178345,0.2769860625267029,0.19866955280303955,0.696234941482544,0.5987654328346252,0.24987360835075378
211,0.6469696760177612,0.524971067905426,0.4286497235298157,0.806304395198822,0.6026659607887268,0.27817198634147644,0.1989760398864746,0.6965563297271729,0.529121458530426,0.2537362277507782
212,0.6364365220069885,0.5106020569801331,0.4338994324207306,0.7820854783058167,0.6027554869651794,0.2812437415122986,0.20067213475704193,0.6959242224693298,0.5310876369476318,0.25634101033210754
213,0.6561211347579956,0.5292872190475464,0.4166349470615387,0.8038598895072937,0.6105460524559021,0.27677205204963684,0.19771413505077362,0.6972086429595947,0.535575270652771,0.2541576027870178
214,0.6183854937553406,0.4979272186756134,0.4503138065338135,0.803875744342804,0.5838039517402649,0.27855268120765686,0.19912883639335632,0.6961995959281921,0.5349621176719666,0.25481003522872925
215,0.6302762627601624,0.513184130191803,0.4335838854312897,0.8003567457199097,0.6039382219314575,0.2786489427089691,0.1992974430322647,0.6960707902908325,0.5351918339729309,0.253629595041275
216,0.6494690775871277,0.5237691402435303,0.41298410296440125,0.7849177122116089,0.6161352396011353,0.2797401547431946,0.20005406439304352,0.6957171559333801,0.5378828644752502,0.254721462726593
217,0.6521786451339722,0.5285118222236633,0.4342502951622009,0.7980931401252747,0.6100268959999084,0.2818768620491028,0.20140095055103302,0.6952511668205261,0.5315187573432922,0.2565374970436096
218,0.6301671862602234,0.5053842663764954,0.42799317836761475,0.775201141834259,0.6020196080207825,0.27811846137046814,0.19910767674446106,0.6961553692817688,0.5425742864608765,0.2534807026386261
219,0.6345521807670593,0.5086385011672974,0.4189920723438263,0.7809635996818542,0.6025629043579102,0.2752270996570587,0.19722916185855865,0.6980780959129333,0.5910306572914124,0.2524922490119934
220,0.6331040263175964,0.506528913974762,0.41951411962509155,0.7767333388328552,0.6057643294334412,0.27555179595947266,0.19730205833911896,0.6980069875717163,0.6356114149093628,0.25347957015037537
221,0.6452780961990356,0.5227276682853699,0.42706215381622314,0.7810900807380676,0.6169381737709045,0.27441927790641785,0.19640173017978668,0.6990370154380798,0.6366503834724426,0.2532859742641449
222,0.6527029275894165,0.532262921333313,0.41632920503616333,0.7882657647132874,0.6228200197219849,0.2742123007774353,0.1967027485370636,0.6990564465522766,0.5883204340934753,0.25255775451660156
223,0.6353402137756348,0.5144686698913574,0.42832475900650024,0.7889248728752136,0.6129232048988342,0.27372661232948303,0.1963648796081543,0.6994413733482361,0.5882161855697632,0.2525900900363922
224,0.6209997534751892,0.4968755543231964,0.43931150436401367,0.776784360408783,0.587972104549408,0.2737027406692505,0.19619177281856537,0.6994828581809998,0.587055504322052,0.2536347806453705
225,0.6388231515884399,0.5179611444473267,0.4259500205516815,0.81163489818573,0.6021360754966736,0.2743481993675232,0.19658853113651276,0.6990101337432861,0.5870915651321411,0.2543056309223175
226,0.6420409083366394,0.5217552781105042,0.4233664870262146,0.8012282252311707,0.6011829376220703,0.27458450198173523,0.19710217416286469,0.6987208724021912,0.5922889113426208,0.2530965209007263
227,0.640214741230011,0.5219724178314209,0.43258601427078247,0.8110477328300476,0.5978864431381226,0.2755236029624939,0.19753269851207733,0.6982744336128235,0.5812546014785767,0.25332391262054443
228,0.6501628756523132,0.5242629647254944,0.41187790036201477,0.8035593032836914,0.6128705739974976,0.27673593163490295,0.19818659126758575,0.6975958943367004,0.5375143885612488,0.2540074288845062
229,0.6392661929130554,0.5174910426139832,0.43577465415000916,0.780624508857727,0.6144410371780396,0.27661970257759094,0.19798508286476135,0.6982225775718689,0.523622453212738,0.2541266083717346
230,0.6310954093933105,0.5055180788040161,0.42733973264694214,0.7811288237571716,0.5961638689041138,0.27899792790412903,0.1996324509382248,0.6970399618148804,0.5709971785545349,0.25510627031326294
231,0.6481360793113708,0.5237014889717102,0.4136112630367279,0.7826356887817383,0.6234592795372009,0.2782846689224243,0.19921182096004486,0.6969239711761475,0.5748547315597534,0.2540466785430908
232,0.6419419050216675,0.5205658078193665,0.4340658485889435,0.8030425310134888,0.6113339066505432,0.279250830411911,0.19986684620380402,0.6964532732963562,0.5747784376144409,0.25472548604011536
233,0.6277724504470825,0.5075650215148926,0.4291662871837616,0.7875339388847351,0.6000351309776306,0.28055664896965027,0.2006596326828003,0.6957931518554688,0.5742323994636536,0.25595614314079285
234,0.6410859227180481,0.5157033801078796,0.43126600980758667,0.8070321083068848,0.6031360626220703,0.2798601984977722,0.19994919002056122,0.6961051821708679,0.5741900205612183,0.25605443120002747
235,0.6391867399215698,0.516534149646759,0.43133601546287537,0.7809882760047913,0.6120277047157288,0.2836686968803406,0.20248842239379883,0.6947360038757324,0.5702133774757385,0.2587265074253082
236,0.6630958914756775,0.5416433811187744,0.4075947403907776,0.7956467866897583,0.6441086530685425,0.2831255793571472,0.2022373527288437,0.6953392028808594,0.5734670758247375,0.25804492831230164
237,0.6586027145385742,0.5390470027923584,0.41636091470718384,0.8134799599647522,0.625577449798584,0.28040748834609985,0.2004193514585495,0.6961479187011719,0.5234306454658508,0.25642749667167664
238,0.6349425315856934,0.5154463052749634,0.4303957223892212,0.7808869481086731,0.6214755177497864,0.2780572474002838,0.1987030804157257,0.6976703405380249,0.5709255337715149,0.255772203207016
239,0.6287072896957397,0.5061699748039246,0.42319077253341675,0.789112389087677,0.6168548464775085,0.2783973515033722,0.19893644750118256,0.697353184223175,0.5721452832221985,0.25562867522239685
240,0.6576340794563293,0.5323087573051453,0.3977772891521454,0.784065842628479,0.6317272782325745,0.2813121974468231,0.20103514194488525,0.6970464587211609,0.5700836777687073,0.25816139578819275
241,0.6165949106216431,0.4962245523929596,0.4427827000617981,0.7778900861740112,0.6056312918663025,0.2808580994606018,0.20068569481372833,0.697288990020752,0.5689724087715149,0.2580552399158478
242,0.6187486052513123,0.49664899706840515,0.4356759488582611,0.773684561252594,0.5888609290122986,0.28501856327056885,0.2034769505262375,0.6962610483169556,0.5663607120513916,0.2623426616191864
243,0.6529606580734253,0.529331624507904,0.41286036372184753,0.7741380333900452,0.6367278099060059,0.2821560800075531,0.20138347148895264,0.6965937614440918,0.5701937079429626,0.25915440917015076
244,0.6412554383277893,0.5208820700645447,0.4178031086921692,0.7847419381141663,0.6225942373275757,0.28281304240226746,0.20188190042972565,0.6962615251541138,0.5201811194419861,0.25967273116111755
245,0.6255555748939514,0.5027252435684204,0.43877923488616943,0.7744935154914856,0.5984349250793457,0.28269457817077637,0.20181813836097717,0.6967542171478271,0.520762026309967,0.260035902261734
246,0.6392868161201477,0.5174422860145569,0.429299920797348,0.7759754061698914,0.6304717063903809,0.2842305600643158,0.2030184268951416,0.6963136792182922,0.522165060043335,0.261034220457077
247,0.6654666662216187,0.54535973072052,0.42361384630203247,0.7968863248825073,0.6306691765785217,0.2760438024997711,0.19736170768737793,0.699280858039856,0.5179361701011658,0.2552792429924011
248,0.6745781302452087,0.5486167669296265,0.4201873540878296,0.8060147166252136,0.6291692852973938,0.27439841628074646,0.19607682526111603,0.6998102068901062,0.5734900236129761,0.25403478741645813
249,0.6405224204063416,0.5167233943939209,0.4334375858306885,0.7717167139053345,0.6228421926498413,0.2746238112449646,0.1964488923549652,0.6995468139648438,0.6228955984115601,0.25320136547088623
